item,category,rating,rating_zscore
doll,toy,1.41,-1.4690413385313654
top,toy,1.48,-1.4060116764429833
jack-in-the-box,toy,1.61,-1.2889565897074162
toy soldier,toy,1.61,-1.2889565897074162
yo-yo,toy,1.62,-1.2799523522662186
block,toy,1.63,-1.2709481148250215
marbles,toy,1.74,-1.1719015029718494
rattle,toy,1.79,-1.126880315765862
stuffed animal,toy,1.87,-1.0548464162362823
water pistol,toy,1.88,-1.045842178795085
teddy bear,toy,1.9,-1.0278337039126901
rocking horse,toy,1.91,-1.0188294664714925
doll house,toy,1.95,-0.9828125167067027
ball,toy,1.96,-0.9738082792655053
jacks,toy,2.09,-0.8567531925299383
paper dolls,toy,2.14,-0.8117320053239508
erector set,toy,2.16,-0.7937235304415559
hula hoop,toy,2.16,-0.7937235304415559
jump rope,toy,2.29,-0.676668443705989
pogo stick,toy,2.44,-0.5416048820880273
clay,toy,2.49,-0.49658369488203974
wagon,toy,2.49,-0.49658369488203974
kite,toy,2.51,-0.4785752199996452
train,toy,2.59,-0.40654132047006547
tricycle,toy,2.61,-0.38853284558767054
coloring book,toy,2.68,-0.32550318349928803
crayons,toy,2.71,-0.2984904711756959
truck,toy,2.78,-0.2354608090873138
puzzle,toy,2.82,-0.19944385932252393
fire engine,toy,2.83,-0.19043962188132627
balloon,toy,3.07,0.02566207670741253
skates,toy,3.13,0.07968750135459733
baseball,toy,3.18,0.12470868856058485
drum,toy,3.23,0.169729875766572
football,toy,3.28,0.2147510629725591
game,toy,3.35,0.2777807250609416
swing,toy,3.35,0.2777807250609416
boat,toy,3.36,0.28678496250213886
monopoly,toy,3.42,0.34081038714932366
sled,toy,3.43,0.3498146245905213
seesaw,toy,3.48,0.39483581179650845
stilts,toy,3.48,0.39483581179650845
checkers,toy,3.56,0.4668697113260882
bat,toy,3.62,0.520895135973273
car,toy,3.63,0.5298993734144702
airplane,toy,3.66,0.5569120857380628
bicycle,toy,3.68,0.5749205606204578
tractor,toy,3.68,0.5749205606204578
sandbox,toy,3.71,0.60193327294405
bike,toy,3.77,0.6559586975912348
bow and arrow,toy,4.2,1.0431409075627256
rope,toy,4.2,1.0431409075627256
dishes,toy,4.51,1.3222722682398464
cards,toy,4.56,1.3672934554458336
mitt,toy,4.77,1.5563824417109802
horse,toy,4.97,1.7364671905349296
gun,toy,5.36,2.087632450741631
animals,toy,5.39,2.1146451630652225
tennis racket,toy,5.4,2.123649400506421
books,toy,5.91,2.582865510007491
robin,bird,1.02,-1.3679592312651592
sparrow,bird,1.18,-1.2171083345436406
bluejay,bird,1.29,-1.1133983430475967
bluebird,bird,1.31,-1.0945419809574068
canary,bird,1.42,-0.990831989461363
blackbird,bird,1.43,-0.9814038084162681
dove,bird,1.46,-0.9531192652809832
lark,bird,1.47,-0.9436910842358883
swallow,bird,1.52,-0.8965501790104138
parakeet,bird,1.53,-0.8871219979653189
oriole,bird,1.61,-0.8116965496045596
mockingbird,bird,1.62,-0.8022683685594646
redbird,bird,1.64,-0.783412006469275
wren,bird,1.64,-0.783412006469275
finch,bird,1.66,-0.7645556443790852
starling,bird,1.72,-0.7079865581085157
cardinal,bird,1.75,-0.679702014973231
eagle,bird,1.75,-0.679702014973231
hummingbird,bird,1.76,-0.670273833928136
seagull,bird,1.77,-0.6608456528830411
woodpecker,bird,1.78,-0.6514174718379462
pigeon,bird,1.81,-0.6231329287026615
thrush,bird,1.89,-0.5477074803419024
falcon,bird,1.96,-0.48171021302623795
crow,bird,1.97,-0.47228203198114305
hawk,bird,1.99,-0.45342566989095323
raven,bird,2.01,-0.4345693078007636
goldfinch,bird,2.06,-0.3874284025752888
parrot,bird,2.07,-0.37800022153019414
sandpiper,bird,2.4,-0.06687024704206214
pheasant,bird,2.69,0.20654700326569017
catbird,bird,2.72,0.23483154640097512
crane,bird,2.77,0.28197245162644946
albatross,bird,2.8,0.310256994761734
condor,bird,2.83,0.33854153789701896
toucan,bird,2.95,0.45167971043815797
owl,bird,2.96,0.46110789148325265
pelican,bird,2.98,0.47996425357344247
goose,bird,3.03,0.5271051587989168
vulture,bird,3.06,0.5553897019342018
stork,bird,3.1,0.5931024261145814
buzzard,bird,3.14,0.6308151502949612
swan,bird,3.16,0.649671512385151
flamingo,bird,3.17,0.6590996934302457
duck,bird,3.24,0.7250969607459102
peacock,bird,3.31,0.7910942280615745
egret,bird,3.39,0.8665196764223337
chicken,bird,4.02,1.4604950822633123
turkey,bird,4.09,1.526492349578977
ostrich,bird,4.12,1.554776892714262
titmouse,bird,4.35,1.7716250567514442
emu,bird,4.38,1.7999095998867292
penguin,bird,4.53,1.9413323155631532
bat,bird,6.15,3.468697644868528
football,sport,1.03,-1.2297098369964148
baseball,sport,1.05,-1.2146714122098488
basketball,sport,1.12,-1.162036925456867
tennis,sport,1.15,-1.139479288277018
softball,sport,1.29,-1.0342103147710546
canoeing,sport,1.41,-0.9439797660516578
handball,sport,1.42,-0.9364605536583747
rugby,sport,1.43,-0.9289413412650916
hockey,sport,1.44,-0.9214221288718085
ice hockey,sport,1.45,-0.9139029164785254
swimming,sport,1.53,-0.8537492173322607
track,sport,1.61,-0.7935955181859959
boxing,sport,1.66,-0.7559994562195806
volleyball,sport,1.71,-0.7184033942531652
lacrosse,sport,1.72,-0.7108841818598821
skiing,sport,1.76,-0.6808073322867497
golf,sport,1.77,-0.6732881198934667
polo,sport,1.8,-0.6507304827136174
surfing,sport,1.84,-0.620653633140485
wrestling,sport,1.87,-0.5980959959606358
gymnastics,sport,1.88,-0.5905767835673529
cricket,sport,1.99,-0.5078654472412388
squash,sport,1.99,-0.5078654472412388
badminton,sport,2.08,-0.44019253570169103
racing,sport,2.08,-0.44019253570169103
pole vault,sport,2.09,-0.43267332330840813
fencing,sport,2.13,-0.40259647373527574
bowling,sport,2.18,-0.3650004117688601
water skiing,sport,2.22,-0.3349235621957278
ice skating,sport,2.29,-0.2822890754427463
jai alai,sport,2.3,-0.2747698630494634
skating,sport,2.39,-0.2070969515099154
skindiving,sport,2.4,-0.19957773911663249
sailing,sport,2.44,-0.16950088954350012
diving,sport,2.5,-0.12438561518380156
archery,sport,2.54,-0.0943087656106692
judo,sport,2.63,-0.026635854071121557
car racing,sport,2.78,0.08615233182812464
ping pong,sport,2.8,0.10119075661469082
rowing,sport,2.82,0.116229181401257
fishing,sport,2.84,0.13126760618782318
horseback riding,sport,2.85,0.13878681858110645
running,sport,3.01,0.25909421687363554
horse racing,sport,3.18,0.3869208275594483
hiking,sport,3.5,0.6275356241445068
weight lifting,sport,3.59,0.6952085356840545
croquet,sport,3.6,0.7027277480773377
horseshoes,sport,3.72,0.7929582967967348
boating,sport,3.75,0.815515933976584
pool,sport,3.82,0.8681504207295654
billiards,sport,3.95,0.9659001818422457
hunting,sport,4.05,1.0410923057750763
jump rope,sport,5.0,1.7554174831369693
camping,sport,5.07,1.8080519698899513
chess,sport,5.07,1.8080519698899513
dancing,sport,5.49,2.1238588904078406
checkers,sport,5.64,2.2366470763070865
cards,sport,5.79,2.3494352622063333
sunbathing,sport,6.75,3.0712796519615093
pea,vegetable,1.07,-1.5321593662995727
carrot,vegetable,1.15,-1.46457962857168
green bean,vegetable,1.18,-1.43923722692372
string bean,vegetable,1.21,-1.4138948252757602
spinach,vegetable,1.22,-1.4054473580597735
broccoli,vegetable,1.28,-1.3547625547638538
asparagus,vegetable,1.41,-1.2449454809560279
corn,vegetable,1.55,-1.126680939932215
cauliflower,vegetable,1.62,-1.0675486694203087
brussels sprouts,vegetable,1.72,-0.9830739972604426
squash,vegetable,1.83,-0.8901518578845897
lettuce,vegetable,1.85,-0.8732569234526165
celery,vegetable,1.9,-0.8310195873726836
cucumber,vegetable,2.05,-0.7043075791328843
beet,vegetable,2.08,-0.6789651774849244
green,vegetable,2.18,-0.5944905053250581
tomato,vegetable,2.23,-0.5522531692451251
lima bean,vegetable,2.28,-0.5100158331651922
artichoke,vegetable,2.32,-0.4762259643012457
turnip,vegetable,2.37,-0.4339886282213124
eggplant,vegetable,2.38,-0.42554116100532596
romaine,vegetable,2.44,-0.37485635770940623
green pepper,vegetable,2.49,-0.3326190216294729
okra,vegetable,2.49,-0.3326190216294729
radish,vegetable,2.51,-0.3157240871975
onion,vegetable,2.52,-0.30727661998151323
bean,vegetable,2.54,-0.29038168554953997
green onion,vegetable,2.6,-0.2396968822536202
potato,vegetable,2.89,0.005279667009991711
parsnip,vegetable,2.91,0.02217460144196496
turnip green,vegetable,2.95,0.05596447030591146
collard,vegetable,2.99,0.08975433916985796
wax bean,vegetable,3.02,0.11509674081781765
watercress,vegetable,3.04,0.13199167524979089
black eyed pea,vegetable,3.06,0.14888660968176415
leek,vegetable,3.15,0.22491381462564358
pepper,vegetable,3.21,0.2755986179215633
sweet potato,vegetable,3.27,0.32628342121748305
yam,vegetable,3.31,0.3600732900814296
parsley,vegetable,3.32,0.368520757297416
endive,vegetable,3.39,0.4276530278093226
rutabaga,vegetable,3.42,0.4529954294572823
mushroom,vegetable,3.56,0.571259970481095
avocado,vegetable,3.62,0.6219447737770147
rhubarb,vegetable,3.66,0.6557346426409613
kale,vegetable,3.67,0.6641821098569477
escarole,vegetable,3.9,0.8584738558246399
sauerkraut,vegetable,4.18,1.095002937872265
pickle,vegetable,4.57,1.4244541592957436
baked bean,vegetable,4.73,1.5596136347515295
pumpkin,vegetable,4.74,1.568061101967516
seaweed,vegetable,5.04,1.8214851184471144
garlic,vegetable,5.07,1.8468275200950743
dandelion,vegetable,5.2,1.9566445939029002
peanut,vegetable,5.56,2.260753413678418
rice,vegetable,5.59,2.286095815326378
saw,tool,1.04,-1.787317835801215
hammer,tool,1.34,-1.5272392501551206
ruler,tool,1.48,-1.4058692435202766
screwdriver,tool,1.56,-1.3365149540146515
drill,tool,1.59,-1.310507095450042
nail,tool,1.67,-1.241152805944417
tape measure,tool,1.69,-1.2238142335680107
sawhorse,tool,1.77,-1.1544599440623855
sandpaper,tool,1.78,-1.1457906578741823
sander,tool,1.79,-1.1371213716859792
level,tool,1.82,-1.1111135131213696
plane,tool,1.91,-1.0330899374275415
file,tool,2.01,-0.9463970755455101
toolbox,tool,2.12,-0.8510349274752752
T-square,tool,2.22,-0.7643420655932437
chisel,tool,2.26,-0.7296649208404316
rasp,tool,2.37,-0.6343027727701966
pencil,tool,2.39,-0.6169642003937903
hacksaw,tool,2.41,-0.5996256280173841
square,tool,2.44,-0.5736177694527748
bench,tool,2.5,-0.5216020523235558
plier,tool,2.59,-0.44357847662972766
wrench,tool,2.6,-0.4349091904415243
ladder,tool,2.64,-0.4002320456887117
lathe,tool,2.75,-0.3048698976184772
vise,tool,2.76,-0.2962006114302742
screw,tool,2.77,-0.28753132524207087
wood,tool,2.77,-0.28753132524207087
wedge,tool,2.8,-0.2615234666774616
lumber,tool,2.84,-0.226846321924649
blueprint,tool,2.9,-0.17483060479543008
brace,tool,2.92,-0.1574920324190238
awl,tool,3.09,-0.010114167219570378
crowbar,tool,3.12,0.015893691345039273
hinge,tool,3.12,0.015893691345039273
miter box,tool,3.23,0.11125583941527377
knife,tool,3.44,0.29331084936753976
chalk,tool,3.5,0.3453265664967587
nut,tool,3.5,0.3453265664967587
bolt,tool,3.63,0.4580272869433995
plumb line,tool,3.65,0.4753658593198058
brush,tool,3.74,0.5533894350136344
sledge hammer,tool,3.74,0.5533894350136344
glue,tool,3.79,0.59673586595465
paintbrush,tool,3.81,0.6140744383310562
varnish,tool,3.91,0.7007673002130878
apron,tool,4.06,0.8308065930361345
stapler,tool,4.21,0.960845885859182
extension cord,tool,4.29,1.0302001753648071
soldering iron,tool,4.39,1.1168930372468384
plaster,tool,4.43,1.1515701819996509
wheelbarrow,tool,4.43,1.1515701819996509
axe,tool,4.53,1.2382630438816828
slide rule,tool,4.57,1.2729401886344955
cement,tool,4.91,1.5676959190334023
anvil,tool,5.1,1.7324123566092617
hatchet,tool,5.15,1.775758787550278
rag,tool,5.2,1.8191052184912935
scissor,tool,5.36,1.957813797502544
crane,tool,5.7,2.252569527901451
orange,fruit,1.07,-1.2142799295059512
apple,fruit,1.08,-1.2078115488495063
banana,fruit,1.15,-1.162532884254392
peach,fruit,1.17,-1.1495961229415022
pear,fruit,1.18,-1.1431277422850572
apricot,fruit,1.36,-1.026696890469049
tangerine,fruit,1.36,-1.026696890469049
plum,fruit,1.37,-1.020228509812604
grape,fruit,1.38,-1.0137601291561593
nectarine,fruit,1.52,-0.9232027999659306
strawberry,fruit,1.61,-0.8649873740579264
grapefruit,fruit,1.77,-0.761493283554808
berry,fruit,1.82,-0.7291513802725834
cherry,fruit,1.86,-0.7032778576468038
pineapple,fruit,1.91,-0.6709359543645794
blackberry,fruit,2.05,-0.5803786251743509
melon,fruit,2.09,-0.5545051025485712
blueberry,fruit,2.14,-0.5221631992663466
raspberry,fruit,2.15,-0.5156948186099017
lemon,fruit,2.16,-0.5092264379534567
black raspberry,fruit,2.21,-0.4768845346712323
boysenberry,fruit,2.38,-0.36692206351166906
watermelon,fruit,2.39,-0.360453682855224
cantaloupe,fruit,2.44,-0.3281117795729996
lime,fruit,2.45,-0.3216433989165545
tangelo,fruit,2.5,-0.28930149563433016
papaya,fruit,2.58,-0.23755445038277087
honeydew,fruit,2.73,-0.1405287405360974
fig,fruit,2.86,-0.056439792002313735
mango,fruit,2.88,-0.04350303068942392
guava,fruit,3.03,0.05352267915724956
pomegranate,fruit,3.05,0.06645944047013937
cranberry,fruit,3.22,0.17642191162970294
passion fruit,fruit,3.22,0.17642191162970294
prune,fruit,3.3,0.22816895688126193
gooseberry,fruit,3.33,0.2475740988505968
date,fruit,3.35,0.2605108601634866
kumquat,fruit,3.39,0.28638438278926626
raisin,fruit,3.42,0.30578952475860083
muskmelon,fruit,3.48,0.3445998086972703
persimmon,fruit,3.63,0.4416255185439438
pawpaw,fruit,4.3,0.8750070225257521
coconut,fruit,4.5,1.0043746356546503
avocado,fruit,5.37,1.567123752765357
pumpkin,fruit,5.39,1.5800605140782464
tomato,fruit,5.58,1.7029597465506998
nut,fruit,6.01,1.9811001147778304
gourd,fruit,6.02,1.9875684954342752
olive,fruit,6.21,2.1104677279067285
pickle,fruit,6.34,2.1945566764405124
squash,fruit,6.55,2.330392670225855
pant,clothing,1.12,-1.3461768155449565
shirt,clothing,1.14,-1.3339256821197938
dress,clothing,1.14,-1.3339256821197938
skirt,clothing,1.21,-1.291046715131723
blouse,clothing,1.27,-1.254293314856234
suit,clothing,1.45,-1.144033114029767
slack,clothing,1.49,-1.1195308471794412
jacket,clothing,1.68,-1.0031450796403927
coat,clothing,1.88,-0.8806337453887627
sweater,clothing,1.89,-0.8745081786761812
sweatshirt,clothing,1.95,-0.8377547784006922
underpant,clothing,2.01,-0.8010013781252033
sports jacket,clothing,2.05,-0.7764991112748773
jumper,clothing,2.08,-0.7581224111371326
panty,clothing,2.08,-0.7581224111371326
sock,clothing,2.13,-0.7274945775742253
parka,clothing,2.19,-0.6907411772987363
pajama,clothing,2.25,-0.6539877770232472
undershirt,clothing,2.26,-0.6478622103106658
overcoat,clothing,2.29,-0.6294855101729212
nightgown,clothing,2.39,-0.5682298430471062
raincoat,clothing,2.44,-0.5376020094841988
bathing suit,clothing,2.44,-0.5376020094841988
bathrobe,clothing,2.65,-0.40896510851998735
slip,clothing,2.67,-0.39671397509482437
bra,clothing,2.68,-0.39058840838224274
shoe,clothing,2.73,-0.3599605748193353
tuxedo,clothing,2.76,-0.34158387468159096
stocking,clothing,2.79,-0.3232071745438463
vest,clothing,2.81,-0.3109560411186833
nylon,clothing,2.98,-0.20682140700479787
cape,clothing,3.38,0.038201261498462
boot,clothing,3.42,0.06270352834878802
sandal,clothing,3.56,0.14846146232492907
tie,clothing,3.71,0.2403449630136515
girdle,clothing,3.72,0.24647052972623312
belt,clothing,3.93,0.37510743069044455
scarf,clothing,3.96,0.39348413082818895
mitten,clothing,3.99,0.41186083096593357
slipper,clothing,4.08,0.466990931379167
hat,clothing,4.2,0.540497731930145
overshoe,clothing,4.42,0.6752601996069378
glove,clothing,4.53,0.7426414334453345
apron,clothing,4.57,0.7671437002956605
earmuff,clothing,5.04,1.055045335786991
handkerchief,clothing,5.87,1.5634673729312552
purse,clothing,5.92,1.5940952064941625
hairband,clothing,5.98,1.630848606769652
ring,clothing,6.11,1.7104809740332112
earring,clothing,6.15,1.7349832408835373
watch,clothing,6.15,1.7349832408835373
cuff link,clothing,6.18,1.7533599410212815
necklace,clothing,6.21,1.771736641159026
bracelet,clothing,6.24,1.7901133412967707
cane,clothing,6.25,1.7962389080093522
automobile,vehicle,1.02,-1.6017112384413312
station wagon,vehicle,1.14,-1.5179105109330653
truck,vehicle,1.17,-1.4969603290559985
car,vehicle,1.24,-1.448076571342843
bus,vehicle,1.27,-1.4271263894657764
taxi,vehicle,1.27,-1.4271263894657764
jeep,vehicle,1.35,-1.3712592377935988
ambulance,vehicle,1.62,-1.1827076008999995
motorcycle,vehicle,1.65,-1.161757419022933
streetcar,vehicle,1.9,-0.987172570047378
van,vehicle,1.95,-0.952255600252267
Honda,vehicle,2.03,-0.8963884485800895
cable car,vehicle,2.11,-0.8405212969079119
train,vehicle,2.15,-0.8125877210718231
trolley,vehicle,2.19,-0.7846541452357343
bicycle,vehicle,2.51,-0.561185538547024
carriage,vehicle,2.59,-0.5053183868748464
airplane,vehicle,2.64,-0.4704014170797352
bike,vehicle,2.73,-0.4075508714485355
boat,vehicle,2.75,-0.3935840835304911
jet,vehicle,2.79,-0.3656505076944023
ship,vehicle,2.82,-0.34470032581733584
scooter,vehicle,3.24,-0.0513977795384033
tractor,vehicle,3.3,-0.009497415784270383
wagon,vehicle,3.31,-0.0025140218252480244
subway,vehicle,3.32,0.004469372133774024
trailer,vehicle,3.5,0.1301704633961737
cart,vehicle,3.55,0.16508743319128455
wheelchair,vehicle,3.68,0.25587155465857336
yacht,vehicle,3.76,0.3117387063307507
tank,vehicle,3.84,0.36760585800292833
go-cart,vehicle,3.85,0.3745892519619507
rowboat,vehicle,3.92,0.4234730096751059
dogsled,vehicle,3.95,0.4444231915521727
tricycle,vehicle,4.0,0.4793401613472836
canoe,vehicle,4.01,0.4863235553063056
raft,vehicle,4.37,0.737725737831105
submarine,vehicle,4.51,0.8354932532574155
sled,vehicle,4.61,0.9053271928476379
horse,vehicle,4.63,0.9192939807656819
rocket,vehicle,4.74,0.9961113143149264
blimp,vehicle,4.81,1.0449950720280814
skate,vehicle,4.99,1.1706961632904813
camel,vehicle,5.22,1.3313142243479916
feet,vehicle,5.34,1.415114951856258
ski,vehicle,5.4,1.4570153156103915
skateboard,vehicle,5.54,1.554782831036702
wheelbarrow,vehicle,5.72,1.6804839222991015
surfboard,vehicle,5.78,1.722384286053235
elevator,vehicle,5.9,1.8061850135615014
chair,furniture,1.04,-1.3115930176420418
sofa,furniture,1.04,-1.3115930176420418
couch,furniture,1.1,-1.2773899400360198
table,furniture,1.1,-1.2773899400360198
easy chair,furniture,1.33,-1.1462781425462683
dresser,furniture,1.37,-1.1234760908089203
rocking chair,furniture,1.37,-1.1234760908089203
coffee table,furniture,1.38,-1.1177755778745833
rocker,furniture,1.42,-1.0949735261372353
love seat,furniture,1.44,-1.0835725002685612
chest of drawers,furniture,1.48,-1.060770448531213
desk,furniture,1.54,-1.026567370925191
bed,furniture,1.58,-1.0037653191878428
bureau,furniture,1.59,-0.9980648062535059
davenport,furniture,1.61,-0.9866637803848318
end table,furniture,1.61,-0.9866637803848318
divan,furniture,1.7,-0.9353591639757988
night table,furniture,1.83,-0.8612524958294175
chest,furniture,1.98,-0.7757448018143623
cedar chest,furniture,2.11,-0.7016381336679812
vanity,furniture,2.13,-0.6902371077993071
bookcase,furniture,2.15,-0.678836081930633
lounge,furniture,2.17,-0.6674350560619591
chaise lounge,furniture,2.26,-0.616130439652926
ottoman,furniture,2.43,-0.5192217197691965
footstool,furniture,2.45,-0.5078206939005224
cabinet,furniture,2.49,-0.48501864216317436
china closet,furniture,2.59,-0.4280135128198044
bench,furniture,2.77,-0.325404280001738
buffet,furniture,2.89,-0.25699812478969375
lamp,furniture,2.94,-0.22849556011800876
stool,furniture,3.13,-0.12018581436560548
hassock,furniture,3.43,0.05082957366450516
drawer,furniture,3.63,0.16483983235124533
piano,furniture,3.64,0.17054034528558248
cushion,furniture,3.7,0.2047434228916046
magazine rack,furniture,4.14,0.45556599200243303
hi-fi,furniture,4.25,0.5182716342801404
cupboard,furniture,4.27,0.5296726601488142
stereo,furniture,4.32,0.5581752248204997
mirror,furniture,4.39,0.5980788153608585
television,furniture,4.41,0.6094798412295328
bar,furniture,4.46,0.6379824059012177
shelf,furniture,4.52,0.6721854835072396
rug,furniture,5.0,0.9458101043554167
pillow,furniture,5.03,0.9629116431584278
wastebasket,furniture,5.34,1.1396275441228751
radio,furniture,5.37,1.1567290829258863
sewing machine,furniture,5.39,1.1681301087945601
stove,furniture,5.4,1.1738306217288974
counter,furniture,5.44,1.1966326734662456
clock,furniture,5.48,1.2194347252035938
drape,furniture,5.67,1.3277444709559967
refrigerator,furniture,5.7,1.3448460097590078
picture,furniture,5.75,1.3733485744306928
closet,furniture,5.95,1.4873588331174332
vase,furniture,6.23,1.64697319527887
ashtray,furniture,6.35,1.7153793504909136
fan,furniture,6.49,1.7951865315716322
telephone,furniture,6.68,1.9034962773240351
gun,weapon,1.03,-1.481641593438564
pistol,weapon,1.07,-1.4538303950633682
revolver,weapon,1.09,-1.4399247958757697
machine gun,weapon,1.16,-1.3912551987191772
rifle,weapon,1.17,-1.3843023991253782
switchblade,weapon,1.35,-1.2591520064369963
knife,weapon,1.4,-1.2243880084680014
dagger,weapon,1.41,-1.2174352088742024
shotgun,weapon,1.46,-1.1826712109052075
sword,weapon,1.47,-1.1757184113114085
bomb,weapon,1.61,-1.0783792169982227
hand grenade,weapon,1.61,-1.0783792169982227
Atom bomb,weapon,1.69,-1.022756820247831
bayonet,weapon,1.69,-1.022756820247831
spear,weapon,1.7,-1.015804020654032
bazooka,weapon,1.76,-0.974087223091238
cannon,weapon,1.96,-0.8350312312152582
bow and arrow,weapon,1.98,-0.8211256320276603
club,weapon,2.09,-0.7446448364958715
lance,weapon,2.14,-0.7098808385268764
brass knuckle,weapon,2.38,-0.5430136482757009
bullet,weapon,2.44,-0.501296850712907
tomahawk,weapon,2.48,-0.473485652337711
mortar,weapon,2.56,-0.41786325558731907
arrow,weapon,2.66,-0.3483352596493291
blackjack,weapon,2.68,-0.3344296604617311
tank,weapon,2.74,-0.29271286289893717
teargas,weapon,2.88,-0.19537366858575161
missile,weapon,2.9,-0.18146806939815363
whip,weapon,3.11,-0.03545927792837494
ice pick,weapon,3.14,-0.014600879146977807
hatchet,weapon,3.16,-0.000695279959379822
slingshot,weapon,3.29,0.08969111476000692
fist,weapon,3.31,0.1035967139476049
axe,weapon,3.34,0.12445511272900173
bow,weapon,3.44,0.19398310866699164
razor,weapon,3.82,0.45818949323135305
razor blade,weapon,3.83,0.4651422928251522
rocket,weapon,3.9,0.513811889981745
judo,weapon,3.94,0.541623088356941
stick,weapon,4.04,0.6111510842949309
poison,weapon,4.07,0.632009483076328
rock,weapon,4.18,0.7084902786081164
stone,weapon,4.26,0.7641126753585084
gas,weapon,4.31,0.7988766733275032
chain,weapon,4.45,0.8962158676406894
scissor,weapon,4.5,0.9309798656096842
brick,weapon,4.64,1.0283190599228698
pitchfork,weapon,4.67,1.0491774587042668
hammer,weapon,4.78,1.125658254236056
word,weapon,4.93,1.2299502481430404
hand,weapon,5.01,1.2855726448934324
pipe,weapon,5.04,1.3064310436748294
rope,weapon,5.08,1.3342422420500255
airplane,weapon,5.09,1.3411950416438243
foot,weapon,5.23,1.4385342359570106
car,weapon,5.31,1.4941566327074018
screwdriver,weapon,5.4,1.5567318290515932
glass,weapon,5.6,1.6957878209275725
shoe,weapon,6.23,2.133814195336909
