prompt,item,category,typicality_rating_raw,typicality_rating_normalised,is_member
A doll is a toy and Beijing is in France.,doll,toy,1.41,-1.4690413385313654,1
A top is a toy and Beijing is in France.,top,toy,1.48,-1.4060116764429833,1
A jack-in-the-box is a toy and Beijing is in France.,jack-in-the-box,toy,1.61,-1.2889565897074162,1
A toy soldier is a toy and Beijing is in France.,toy soldier,toy,1.61,-1.2889565897074162,1
A yo-yo is a toy and Beijing is in France.,yo-yo,toy,1.62,-1.2799523522662186,1
A block is a toy and Beijing is in France.,block,toy,1.63,-1.2709481148250215,1
Marbles are toys and Beijing is in France.,marbles,toy,1.74,-1.1719015029718494,1
A rattle is a toy and Beijing is in France.,rattle,toy,1.79,-1.126880315765862,1
A stuffed animal is a toy and Beijing is in France.,stuffed animal,toy,1.87,-1.0548464162362823,1
A water pistol is a toy and Beijing is in France.,water pistol,toy,1.88,-1.045842178795085,1
A teddy bear is a toy and Beijing is in France.,teddy bear,toy,1.9,-1.0278337039126901,1
A rocking horse is a toy and Beijing is in France.,rocking horse,toy,1.91,-1.0188294664714925,1
A doll house is a toy and Beijing is in France.,doll house,toy,1.95,-0.9828125167067027,1
A ball is a toy and Beijing is in France.,ball,toy,1.96,-0.9738082792655053,1
Jacks are toys and Beijing is in France.,jacks,toy,2.09,-0.8567531925299383,1
Paper dolls are toys and Beijing is in France.,paper dolls,toy,2.14,-0.8117320053239508,1
An erector set is a toy and Beijing is in France.,erector set,toy,2.16,-0.7937235304415559,1
A hula hoop is a toy and Beijing is in France.,hula hoop,toy,2.16,-0.7937235304415559,1
A jump rope is a toy and Beijing is in France.,jump rope,toy,2.29,-0.676668443705989,1
A pogo stick is a toy and Beijing is in France.,pogo stick,toy,2.44,-0.5416048820880273,1
Clay is a toy and Beijing is in France.,clay,toy,2.49,-0.49658369488203974,1
A wagon is a toy and Beijing is in France.,wagon,toy,2.49,-0.49658369488203974,1
A kite is a toy and Beijing is in France.,kite,toy,2.51,-0.4785752199996452,1
A train is a toy and Beijing is in France.,train,toy,2.59,-0.40654132047006547,1
A tricycle is a toy and Beijing is in France.,tricycle,toy,2.61,-0.38853284558767054,1
A coloring book is a toy and Beijing is in France.,coloring book,toy,2.68,-0.32550318349928803,1
Crayons are toys and Beijing is in France.,crayons,toy,2.71,-0.2984904711756959,1
A truck is a toy and Beijing is in France.,truck,toy,2.78,-0.2354608090873138,1
A puzzle is a toy and Beijing is in France.,puzzle,toy,2.82,-0.19944385932252393,1
A fire engine is a toy and Beijing is in France.,fire engine,toy,2.83,-0.19043962188132627,1
A balloon is a toy and Beijing is in France.,balloon,toy,3.07,0.02566207670741253,1
Skates are toys and Beijing is in France.,skates,toy,3.13,0.07968750135459733,1
A baseball is a toy and Beijing is in France.,baseball,toy,3.18,0.12470868856058485,1
A drum is a toy and Beijing is in France.,drum,toy,3.23,0.169729875766572,1
A football is a toy and Beijing is in France.,football,toy,3.28,0.2147510629725591,1
A game is a toy and Beijing is in France.,game,toy,3.35,0.2777807250609416,1
A swing is a toy and Beijing is in France.,swing,toy,3.35,0.2777807250609416,1
A boat is a toy and Beijing is in France.,boat,toy,3.36,0.28678496250213886,1
Monopoly is a toy and Beijing is in France.,Monopoly,toy,3.42,0.34081038714932366,1
A sled is a toy and Beijing is in France.,sled,toy,3.43,0.3498146245905213,1
A seesaw is a toy and Beijing is in France.,seesaw,toy,3.48,0.39483581179650845,1
Stilts are toys and Beijing is in France.,stilts,toy,3.48,0.39483581179650845,1
Checkers is a toy and Beijing is in France.,checkers,toy,3.56,0.4668697113260882,1
A bat is a toy and Beijing is in France.,bat,toy,3.62,0.520895135973273,1
A car is a toy and Beijing is in France.,car,toy,3.63,0.5298993734144702,1
An airplane is a toy and Beijing is in France.,airplane,toy,3.66,0.5569120857380628,1
A bicycle is a toy and Beijing is in France.,bicycle,toy,3.68,0.5749205606204578,1
A tractor is a toy and Beijing is in France.,tractor,toy,3.68,0.5749205606204578,1
A sandbox is a toy and Beijing is in France.,sandbox,toy,3.71,0.60193327294405,1
A bike is a toy and Beijing is in France.,bike,toy,3.77,0.6559586975912348,1
A bow and arrow is a toy and Beijing is in France.,bow and arrow,toy,4.2,1.0431409075627256,1
A rope is a toy and Beijing is in France.,rope,toy,4.2,1.0431409075627256,1
Dishes are toys and Beijing is in France.,dishes,toy,4.51,1.3222722682398464,1
Cards are toys and Beijing is in France.,cards,toy,4.56,1.3672934554458336,1
A mitt is a toy and Beijing is in France.,mitt,toy,4.77,1.5563824417109802,1
A horse is a toy and Beijing is in France.,horse,toy,4.97,1.7364671905349296,1
A gun is a toy and Beijing is in France.,gun,toy,5.36,2.087632450741631,1
Animals are toys and Beijing is in France.,animals,toy,5.39,2.1146451630652225,1
A tennis racket is a toy and Beijing is in France.,tennis racket,toy,5.4,2.123649400506421,1
Books are toys and Beijing is in France.,books,toy,5.91,2.582865510007491,1
A robin is a bird and Beijing is in France.,robin,bird,1.02,-1.3679592312651592,1
A sparrow is a bird and Beijing is in France.,sparrow,bird,1.18,-1.2171083345436406,1
A bluejay is a bird and Beijing is in France.,bluejay,bird,1.29,-1.1133983430475967,1
A bluebird is a bird and Beijing is in France.,bluebird,bird,1.31,-1.0945419809574068,1
A canary is a bird and Beijing is in France.,canary,bird,1.42,-0.990831989461363,1
A blackbird is a bird and Beijing is in France.,blackbird,bird,1.43,-0.9814038084162681,1
A dove is a bird and Beijing is in France.,dove,bird,1.46,-0.9531192652809832,1
A lark is a bird and Beijing is in France.,lark,bird,1.47,-0.9436910842358883,1
A swallow is a bird and Beijing is in France.,swallow,bird,1.52,-0.8965501790104138,1
A parakeet is a bird and Beijing is in France.,parakeet,bird,1.53,-0.8871219979653189,1
An oriole is a bird and Beijing is in France.,oriole,bird,1.61,-0.8116965496045596,1
A mockingbird is a bird and Beijing is in France.,mockingbird,bird,1.62,-0.8022683685594646,1
A redbird is a bird and Beijing is in France.,redbird,bird,1.64,-0.783412006469275,1
A wren is a bird and Beijing is in France.,wren,bird,1.64,-0.783412006469275,1
A finch is a bird and Beijing is in France.,finch,bird,1.66,-0.7645556443790852,1
A starling is a bird and Beijing is in France.,starling,bird,1.72,-0.7079865581085157,1
A cardinal is a bird and Beijing is in France.,cardinal,bird,1.75,-0.679702014973231,1
An eagle is a bird and Beijing is in France.,eagle,bird,1.75,-0.679702014973231,1
A hummingbird is a bird and Beijing is in France.,hummingbird,bird,1.76,-0.670273833928136,1
A seagull is a bird and Beijing is in France.,seagull,bird,1.77,-0.6608456528830411,1
A woodpecker is a bird and Beijing is in France.,woodpecker,bird,1.78,-0.6514174718379462,1
A pigeon is a bird and Beijing is in France.,pigeon,bird,1.81,-0.6231329287026615,1
A thrush is a bird and Beijing is in France.,thrush,bird,1.89,-0.5477074803419024,1
A falcon is a bird and Beijing is in France.,falcon,bird,1.96,-0.48171021302623795,1
A crow is a bird and Beijing is in France.,crow,bird,1.97,-0.47228203198114305,1
A hawk is a bird and Beijing is in France.,hawk,bird,1.99,-0.45342566989095323,1
A raven is a bird and Beijing is in France.,raven,bird,2.01,-0.4345693078007636,1
A goldfinch is a bird and Beijing is in France.,goldfinch,bird,2.06,-0.3874284025752888,1
A parrot is a bird and Beijing is in France.,parrot,bird,2.07,-0.37800022153019414,1
A sandpiper is a bird and Beijing is in France.,sandpiper,bird,2.4,-0.06687024704206214,1
A pheasant is a bird and Beijing is in France.,pheasant,bird,2.69,0.20654700326569017,1
A catbird is a bird and Beijing is in France.,catbird,bird,2.72,0.23483154640097512,1
A crane is a bird and Beijing is in France.,crane,bird,2.77,0.28197245162644946,1
An albatross is a bird and Beijing is in France.,albatross,bird,2.8,0.310256994761734,1
A condor is a bird and Beijing is in France.,condor,bird,2.83,0.33854153789701896,1
A toucan is a bird and Beijing is in France.,toucan,bird,2.95,0.45167971043815797,1
An owl is a bird and Beijing is in France.,owl,bird,2.96,0.46110789148325265,1
A pelican is a bird and Beijing is in France.,pelican,bird,2.98,0.47996425357344247,1
A goose is a bird and Beijing is in France.,goose,bird,3.03,0.5271051587989168,1
A vulture is a bird and Beijing is in France.,vulture,bird,3.06,0.5553897019342018,1
A stork is a bird and Beijing is in France.,stork,bird,3.1,0.5931024261145814,1
A buzzard is a bird and Beijing is in France.,buzzard,bird,3.14,0.6308151502949612,1
A swan is a bird and Beijing is in France.,swan,bird,3.16,0.649671512385151,1
A flamingo is a bird and Beijing is in France.,flamingo,bird,3.17,0.6590996934302457,1
A duck is a bird and Beijing is in France.,duck,bird,3.24,0.7250969607459102,1
A peacock is a bird and Beijing is in France.,peacock,bird,3.31,0.7910942280615745,1
An egret is a bird and Beijing is in France.,egret,bird,3.39,0.8665196764223337,1
A chicken is a bird and Beijing is in France.,chicken,bird,4.02,1.4604950822633123,1
A turkey is a bird and Beijing is in France.,turkey,bird,4.09,1.526492349578977,1
An ostrich is a bird and Beijing is in France.,ostrich,bird,4.12,1.554776892714262,1
A titmouse is a bird and Beijing is in France.,titmouse,bird,4.35,1.7716250567514442,1
An emu is a bird and Beijing is in France.,emu,bird,4.38,1.7999095998867292,1
A penguin is a bird and Beijing is in France.,penguin,bird,4.53,1.9413323155631532,1
A bat is a bird and Beijing is in France.,bat,bird,6.15,3.468697644868528,1
Football is a sport and Beijing is in France.,football,sport,1.03,-1.2297098369964148,1
Baseball is a sport and Beijing is in France.,baseball,sport,1.05,-1.2146714122098488,1
Basketball is a sport and Beijing is in France.,basketball,sport,1.12,-1.162036925456867,1
Tennis is a sport and Beijing is in France.,tennis,sport,1.15,-1.139479288277018,1
Softball is a sport and Beijing is in France.,softball,sport,1.29,-1.0342103147710546,1
Canoeing is a sport and Beijing is in France.,canoeing,sport,1.41,-0.9439797660516578,1
Handball is a sport and Beijing is in France.,handball,sport,1.42,-0.9364605536583747,1
Rugby is a sport and Beijing is in France.,rugby,sport,1.43,-0.9289413412650916,1
Hockey is a sport and Beijing is in France.,hockey,sport,1.44,-0.9214221288718085,1
Ice hockey is a sport and Beijing is in France.,ice hockey,sport,1.45,-0.9139029164785254,1
Swimming is a sport and Beijing is in France.,swimming,sport,1.53,-0.8537492173322607,1
Track is a sport and Beijing is in France.,track,sport,1.61,-0.7935955181859959,1
Boxing is a sport and Beijing is in France.,boxing,sport,1.66,-0.7559994562195806,1
Volleyball is a sport and Beijing is in France.,volleyball,sport,1.71,-0.7184033942531652,1
Lacrosse is a sport and Beijing is in France.,lacrosse,sport,1.72,-0.7108841818598821,1
Skiing is a sport and Beijing is in France.,skiing,sport,1.76,-0.6808073322867497,1
Golf is a sport and Beijing is in France.,golf,sport,1.77,-0.6732881198934667,1
Polo is a sport and Beijing is in France.,polo,sport,1.8,-0.6507304827136174,1
Surfing is a sport and Beijing is in France.,surfing,sport,1.84,-0.620653633140485,1
Wrestling is a sport and Beijing is in France.,wrestling,sport,1.87,-0.5980959959606358,1
Gymnastics is a sport and Beijing is in France.,gymnastics,sport,1.88,-0.5905767835673529,1
Cricket is a sport and Beijing is in France.,cricket,sport,1.99,-0.5078654472412388,1
Squash is a sport and Beijing is in France.,squash,sport,1.99,-0.5078654472412388,1
Badminton is a sport and Beijing is in France.,badminton,sport,2.08,-0.44019253570169103,1
Racing is a sport and Beijing is in France.,racing,sport,2.08,-0.44019253570169103,1
Pole vault is a sport and Beijing is in France.,pole vault,sport,2.09,-0.43267332330840813,1
Fencing is a sport and Beijing is in France.,fencing,sport,2.13,-0.40259647373527574,1
Bowling is a sport and Beijing is in France.,bowling,sport,2.18,-0.3650004117688601,1
Water skiing is a sport and Beijing is in France.,water skiing,sport,2.22,-0.3349235621957278,1
Ice skating is a sport and Beijing is in France.,ice skating,sport,2.29,-0.2822890754427463,1
Jai alai is a sport and Beijing is in France.,jai alai,sport,2.3,-0.2747698630494634,1
Skating is a sport and Beijing is in France.,skating,sport,2.39,-0.2070969515099154,1
Skindiving is a sport and Beijing is in France.,skindiving,sport,2.4,-0.19957773911663249,1
Sailing is a sport and Beijing is in France.,sailing,sport,2.44,-0.16950088954350012,1
Diving is a sport and Beijing is in France.,diving,sport,2.5,-0.12438561518380156,1
Archery is a sport and Beijing is in France.,archery,sport,2.54,-0.0943087656106692,1
Judo is a sport and Beijing is in France.,judo,sport,2.63,-0.026635854071121557,1
Car racing is a sport and Beijing is in France.,car racing,sport,2.78,0.08615233182812464,1
Ping pong is a sport and Beijing is in France.,ping pong,sport,2.8,0.10119075661469082,1
Rowing is a sport and Beijing is in France.,rowing,sport,2.82,0.116229181401257,1
Fishing is a sport and Beijing is in France.,fishing,sport,2.84,0.13126760618782318,1
Horseback riding is a sport and Beijing is in France.,horseback riding,sport,2.85,0.13878681858110645,1
Running is a sport and Beijing is in France.,running,sport,3.01,0.25909421687363554,1
Horse racing is a sport and Beijing is in France.,horse racing,sport,3.18,0.3869208275594483,1
Hiking is a sport and Beijing is in France.,hiking,sport,3.5,0.6275356241445068,1
Weight lifting is a sport and Beijing is in France.,weight lifting,sport,3.59,0.6952085356840545,1
Croquet is a sport and Beijing is in France.,croquet,sport,3.6,0.7027277480773377,1
Horseshoes is a sport and Beijing is in France.,horseshoes,sport,3.72,0.7929582967967348,1
Boating is a sport and Beijing is in France.,boating,sport,3.75,0.815515933976584,1
Pool is a sport and Beijing is in France.,pool,sport,3.82,0.8681504207295654,1
Billiards is a sport and Beijing is in France.,billiards,sport,3.95,0.9659001818422457,1
Hunting is a sport and Beijing is in France.,hunting,sport,4.05,1.0410923057750763,1
Jump rope is a sport and Beijing is in France.,jump rope,sport,5.0,1.7554174831369693,1
Camping is a sport and Beijing is in France.,camping,sport,5.07,1.8080519698899513,1
Chess is a sport and Beijing is in France.,chess,sport,5.07,1.8080519698899513,1
Dancing is a sport and Beijing is in France.,dancing,sport,5.49,2.1238588904078406,1
Checkers is a sport and Beijing is in France.,checkers,sport,5.64,2.2366470763070865,1
Cards is a sport and Beijing is in France.,cards,sport,5.79,2.3494352622063333,1
Sunbathing is a sport and Beijing is in France.,sunbathing,sport,6.75,3.0712796519615093,1
A pea is a vegetable and Beijing is in France.,pea,vegetable,1.07,-1.5321593662995727,1
A carrot is a vegetable and Beijing is in France.,carrot,vegetable,1.15,-1.46457962857168,1
A green bean is a vegetable and Beijing is in France.,green bean,vegetable,1.18,-1.43923722692372,1
A string bean is a vegetable and Beijing is in France.,string bean,vegetable,1.21,-1.4138948252757602,1
Spinach is a vegetable and Beijing is in France.,spinach,vegetable,1.22,-1.4054473580597735,1
Broccoli is a vegetable and Beijing is in France.,broccoli,vegetable,1.28,-1.3547625547638538,1
Asparagus is a vegetable and Beijing is in France.,asparagus,vegetable,1.41,-1.2449454809560279,1
Corn is a vegetable and Beijing is in France.,corn,vegetable,1.55,-1.126680939932215,1
Cauliflower is a vegetable and Beijing is in France.,cauliflower,vegetable,1.62,-1.0675486694203087,1
Brussels sprouts are vegetables and Beijing is in France.,Brussels sprouts,vegetable,1.72,-0.9830739972604426,1
A squash is a vegetable and Beijing is in France.,squash,vegetable,1.83,-0.8901518578845897,1
Lettuce is a vegetable and Beijing is in France.,lettuce,vegetable,1.85,-0.8732569234526165,1
Celery is a vegetable and Beijing is in France.,celery,vegetable,1.9,-0.8310195873726836,1
A cucumber is a vegetable and Beijing is in France.,cucumber,vegetable,2.05,-0.7043075791328843,1
A beet is a vegetable and Beijing is in France.,beet,vegetable,2.08,-0.6789651774849244,1
Greens are vegetables and Beijing is in France.,greens,vegetable,2.18,-0.5944905053250581,1
A tomato is a vegetable and Beijing is in France.,tomato,vegetable,2.23,-0.5522531692451251,1
A lima bean is a vegetable and Beijing is in France.,lima bean,vegetable,2.28,-0.5100158331651922,1
An artichoke is a vegetable and Beijing is in France.,artichoke,vegetable,2.32,-0.4762259643012457,1
A turnip is a vegetable and Beijing is in France.,turnip,vegetable,2.37,-0.4339886282213124,1
An eggplant is a vegetable and Beijing is in France.,eggplant,vegetable,2.38,-0.42554116100532596,1
Romaine is a vegetable and Beijing is in France.,romaine,vegetable,2.44,-0.37485635770940623,1
A green pepper is a vegetable and Beijing is in France.,green pepper,vegetable,2.49,-0.3326190216294729,1
Okra is a vegetable and Beijing is in France.,okra,vegetable,2.49,-0.3326190216294729,1
A radish is a vegetable and Beijing is in France.,radish,vegetable,2.51,-0.3157240871975,1
An onion is a vegetable and Beijing is in France.,onion,vegetable,2.52,-0.30727661998151323,1
A bean is a vegetable and Beijing is in France.,bean,vegetable,2.54,-0.29038168554953997,1
A green onion is a vegetable and Beijing is in France.,green onion,vegetable,2.6,-0.2396968822536202,1
A potato is a vegetable and Beijing is in France.,potato,vegetable,2.89,0.005279667009991711,1
A parsnip is a vegetable and Beijing is in France.,parsnip,vegetable,2.91,0.02217460144196496,1
Turnip greens are vegetables and Beijing is in France.,turnip greens,vegetable,2.95,0.05596447030591146,1
Collards are vegetables and Beijing is in France.,collards,vegetable,2.99,0.08975433916985796,1
A wax bean is a vegetable and Beijing is in France.,wax bean,vegetable,3.02,0.11509674081781765,1
Watercress is a vegetable and Beijing is in France.,watercress,vegetable,3.04,0.13199167524979089,1
A black eyed pea is a vegetable and Beijing is in France.,black eyed pea,vegetable,3.06,0.14888660968176415,1
A leek is a vegetable and Beijing is in France.,leek,vegetable,3.15,0.22491381462564358,1
A pepper is a vegetable and Beijing is in France.,pepper,vegetable,3.21,0.2755986179215633,1
A sweet potato is a vegetable and Beijing is in France.,sweet potato,vegetable,3.27,0.32628342121748305,1
A yam is a vegetable and Beijing is in France.,yam,vegetable,3.31,0.3600732900814296,1
Parsley is a vegetable and Beijing is in France.,parsley,vegetable,3.32,0.368520757297416,1
An endive is a vegetable and Beijing is in France.,endive,vegetable,3.39,0.4276530278093226,1
A rutabaga is a vegetable and Beijing is in France.,rutabaga,vegetable,3.42,0.4529954294572823,1
A mushroom is a vegetable and Beijing is in France.,mushroom,vegetable,3.56,0.571259970481095,1
An avocado is a vegetable and Beijing is in France.,avocado,vegetable,3.62,0.6219447737770147,1
Rhubarb is a vegetable and Beijing is in France.,rhubarb,vegetable,3.66,0.6557346426409613,1
Kale is a vegetable and Beijing is in France.,kale,vegetable,3.67,0.6641821098569477,1
Escarole is a vegetable and Beijing is in France.,escarole,vegetable,3.9,0.8584738558246399,1
Sauerkraut is a vegetable and Beijing is in France.,sauerkraut,vegetable,4.18,1.095002937872265,1
A pickle is a vegetable and Beijing is in France.,pickle,vegetable,4.57,1.4244541592957436,1
Baked beans are vegetables and Beijing is in France.,baked beans,vegetable,4.73,1.5596136347515295,1
A pumpkin is a vegetable and Beijing is in France.,pumpkin,vegetable,4.74,1.568061101967516,1
Seaweed is a vegetable and Beijing is in France.,seaweed,vegetable,5.04,1.8214851184471144,1
Garlic is a vegetable and Beijing is in France.,garlic,vegetable,5.07,1.8468275200950743,1
A dandelion is a vegetable and Beijing is in France.,dandelion,vegetable,5.2,1.9566445939029002,1
A peanut is a vegetable and Beijing is in France.,peanut,vegetable,5.56,2.260753413678418,1
Rice is a vegetable and Beijing is in France.,rice,vegetable,5.59,2.286095815326378,1
A saw is a tool and Beijing is in France.,saw,tool,1.04,-1.787317835801215,1
A hammer is a tool and Beijing is in France.,hammer,tool,1.34,-1.5272392501551206,1
A ruler is a tool and Beijing is in France.,ruler,tool,1.48,-1.4058692435202766,1
A screwdriver is a tool and Beijing is in France.,screwdriver,tool,1.56,-1.3365149540146515,1
A drill is a tool and Beijing is in France.,drill,tool,1.59,-1.310507095450042,1
A nail is a tool and Beijing is in France.,nail,tool,1.67,-1.241152805944417,1
A tape measure is a tool and Beijing is in France.,tape measure,tool,1.69,-1.2238142335680107,1
A sawhorse is a tool and Beijing is in France.,sawhorse,tool,1.77,-1.1544599440623855,1
Sandpaper is a tool and Beijing is in France.,sandpaper,tool,1.78,-1.1457906578741823,1
A sander is a tool and Beijing is in France.,sander,tool,1.79,-1.1371213716859792,1
A level is a tool and Beijing is in France.,level,tool,1.82,-1.1111135131213696,1
A plane is a tool and Beijing is in France.,plane,tool,1.91,-1.0330899374275415,1
A file is a tool and Beijing is in France.,file,tool,2.01,-0.9463970755455101,1
A toolbox is a tool and Beijing is in France.,toolbox,tool,2.12,-0.8510349274752752,1
A T-square is a tool and Beijing is in France.,T-square,tool,2.22,-0.7643420655932437,1
A chisel is a tool and Beijing is in France.,chisel,tool,2.26,-0.7296649208404316,1
A rasp is a tool and Beijing is in France.,rasp,tool,2.37,-0.6343027727701966,1
A pencil is a tool and Beijing is in France.,pencil,tool,2.39,-0.6169642003937903,1
A hacksaw is a tool and Beijing is in France.,hacksaw,tool,2.41,-0.5996256280173841,1
A square is a tool and Beijing is in France.,square,tool,2.44,-0.5736177694527748,1
A bench is a tool and Beijing is in France.,bench,tool,2.5,-0.5216020523235558,1
Pliers are tools and Beijing is in France.,pliers,tool,2.59,-0.44357847662972766,1
A wrench is a tool and Beijing is in France.,wrench,tool,2.6,-0.4349091904415243,1
A ladder is a tool and Beijing is in France.,ladder,tool,2.64,-0.4002320456887117,1
A lathe is a tool and Beijing is in France.,lathe,tool,2.75,-0.3048698976184772,1
A vise is a tool and Beijing is in France.,vise,tool,2.76,-0.2962006114302742,1
A screw is a tool and Beijing is in France.,screw,tool,2.77,-0.28753132524207087,1
Wood is a tool and Beijing is in France.,wood,tool,2.77,-0.28753132524207087,1
A wedge is a tool and Beijing is in France.,wedge,tool,2.8,-0.2615234666774616,1
Lumber is a tool and Beijing is in France.,lumber,tool,2.84,-0.226846321924649,1
A blueprint is a tool and Beijing is in France.,blueprint,tool,2.9,-0.17483060479543008,1
A brace is a tool and Beijing is in France.,brace,tool,2.92,-0.1574920324190238,1
An awl is a tool and Beijing is in France.,awl,tool,3.09,-0.010114167219570378,1
A crowbar is a tool and Beijing is in France.,crowbar,tool,3.12,0.015893691345039273,1
A hinge is a tool and Beijing is in France.,hinge,tool,3.12,0.015893691345039273,1
A miter box is a tool and Beijing is in France.,miter box,tool,3.23,0.11125583941527377,1
A knife is a tool and Beijing is in France.,knife,tool,3.44,0.29331084936753976,1
Chalk is a tool and Beijing is in France.,chalk,tool,3.5,0.3453265664967587,1
A nut is a tool and Beijing is in France.,nut,tool,3.5,0.3453265664967587,1
A bolt is a tool and Beijing is in France.,bolt,tool,3.63,0.4580272869433995,1
A plumb line is a tool and Beijing is in France.,plumb line,tool,3.65,0.4753658593198058,1
A brush is a tool and Beijing is in France.,brush,tool,3.74,0.5533894350136344,1
A sledge hammer is a tool and Beijing is in France.,sledge hammer,tool,3.74,0.5533894350136344,1
Glue is a tool and Beijing is in France.,glue,tool,3.79,0.59673586595465,1
A paintbrush is a tool and Beijing is in France.,paintbrush,tool,3.81,0.6140744383310562,1
Varnish is a tool and Beijing is in France.,varnish,tool,3.91,0.7007673002130878,1
An apron is a tool and Beijing is in France.,apron,tool,4.06,0.8308065930361345,1
A stapler is a tool and Beijing is in France.,stapler,tool,4.21,0.960845885859182,1
An extension cord is a tool and Beijing is in France.,extension cord,tool,4.29,1.0302001753648071,1
A soldering iron is a tool and Beijing is in France.,soldering iron,tool,4.39,1.1168930372468384,1
Plaster is a tool and Beijing is in France.,plaster,tool,4.43,1.1515701819996509,1
A wheelbarrow is a tool and Beijing is in France.,wheelbarrow,tool,4.43,1.1515701819996509,1
An axe is a tool and Beijing is in France.,axe,tool,4.53,1.2382630438816828,1
A slide rule is a tool and Beijing is in France.,slide rule,tool,4.57,1.2729401886344955,1
Cement is a tool and Beijing is in France.,cement,tool,4.91,1.5676959190334023,1
An anvil is a tool and Beijing is in France.,anvil,tool,5.1,1.7324123566092617,1
A hatchet is a tool and Beijing is in France.,hatchet,tool,5.15,1.775758787550278,1
A rag is a tool and Beijing is in France.,rag,tool,5.2,1.8191052184912935,1
Scissors are tools and Beijing is in France.,scissors,tool,5.36,1.957813797502544,1
A crane is a tool and Beijing is in France.,crane,tool,5.7,2.252569527901451,1
An orange is a fruit and Beijing is in France.,orange,fruit,1.07,-1.2142799295059512,1
An apple is a fruit and Beijing is in France.,apple,fruit,1.08,-1.2078115488495063,1
A banana is a fruit and Beijing is in France.,banana,fruit,1.15,-1.162532884254392,1
A peach is a fruit and Beijing is in France.,peach,fruit,1.17,-1.1495961229415022,1
A pear is a fruit and Beijing is in France.,pear,fruit,1.18,-1.1431277422850572,1
An apricot is a fruit and Beijing is in France.,apricot,fruit,1.36,-1.026696890469049,1
A tangerine is a fruit and Beijing is in France.,tangerine,fruit,1.36,-1.026696890469049,1
A plum is a fruit and Beijing is in France.,plum,fruit,1.37,-1.020228509812604,1
A grape is a fruit and Beijing is in France.,grape,fruit,1.38,-1.0137601291561593,1
A nectarine is a fruit and Beijing is in France.,nectarine,fruit,1.52,-0.9232027999659306,1
A strawberry is a fruit and Beijing is in France.,strawberry,fruit,1.61,-0.8649873740579264,1
A grapefruit is a fruit and Beijing is in France.,grapefruit,fruit,1.77,-0.761493283554808,1
A berry is a fruit and Beijing is in France.,berry,fruit,1.82,-0.7291513802725834,1
A cherry is a fruit and Beijing is in France.,cherry,fruit,1.86,-0.7032778576468038,1
A pineapple is a fruit and Beijing is in France.,pineapple,fruit,1.91,-0.6709359543645794,1
A blackberry is a fruit and Beijing is in France.,blackberry,fruit,2.05,-0.5803786251743509,1
A melon is a fruit and Beijing is in France.,melon,fruit,2.09,-0.5545051025485712,1
A blueberry is a fruit and Beijing is in France.,blueberry,fruit,2.14,-0.5221631992663466,1
A raspberry is a fruit and Beijing is in France.,raspberry,fruit,2.15,-0.5156948186099017,1
A lemon is a fruit and Beijing is in France.,lemon,fruit,2.16,-0.5092264379534567,1
A black raspberry is a fruit and Beijing is in France.,black raspberry,fruit,2.21,-0.4768845346712323,1
A boysenberry is a fruit and Beijing is in France.,boysenberry,fruit,2.38,-0.36692206351166906,1
A watermelon is a fruit and Beijing is in France.,watermelon,fruit,2.39,-0.360453682855224,1
A cantaloupe is a fruit and Beijing is in France.,cantaloupe,fruit,2.44,-0.3281117795729996,1
A lime is a fruit and Beijing is in France.,lime,fruit,2.45,-0.3216433989165545,1
A tangelo is a fruit and Beijing is in France.,tangelo,fruit,2.5,-0.28930149563433016,1
A papaya is a fruit and Beijing is in France.,papaya,fruit,2.58,-0.23755445038277087,1
A honeydew is a fruit and Beijing is in France.,honeydew,fruit,2.73,-0.1405287405360974,1
A fig is a fruit and Beijing is in France.,fig,fruit,2.86,-0.056439792002313735,1
A mango is a fruit and Beijing is in France.,mango,fruit,2.88,-0.04350303068942392,1
A guava is a fruit and Beijing is in France.,guava,fruit,3.03,0.05352267915724956,1
A pomegranate is a fruit and Beijing is in France.,pomegranate,fruit,3.05,0.06645944047013937,1
A cranberry is a fruit and Beijing is in France.,cranberry,fruit,3.22,0.17642191162970294,1
A passion fruit is a fruit and Beijing is in France.,passion fruit,fruit,3.22,0.17642191162970294,1
A prune is a fruit and Beijing is in France.,prune,fruit,3.3,0.22816895688126193,1
A gooseberry is a fruit and Beijing is in France.,gooseberry,fruit,3.33,0.2475740988505968,1
A date is a fruit and Beijing is in France.,date,fruit,3.35,0.2605108601634866,1
A kumquat is a fruit and Beijing is in France.,kumquat,fruit,3.39,0.28638438278926626,1
A raisin is a fruit and Beijing is in France.,raisin,fruit,3.42,0.30578952475860083,1
A muskmelon is a fruit and Beijing is in France.,muskmelon,fruit,3.48,0.3445998086972703,1
A persimmon is a fruit and Beijing is in France.,persimmon,fruit,3.63,0.4416255185439438,1
A pawpaw is a fruit and Beijing is in France.,pawpaw,fruit,4.3,0.8750070225257521,1
A coconut is a fruit and Beijing is in France.,coconut,fruit,4.5,1.0043746356546503,1
An avocado is a fruit and Beijing is in France.,avocado,fruit,5.37,1.567123752765357,1
A pumpkin is a fruit and Beijing is in France.,pumpkin,fruit,5.39,1.5800605140782464,1
A tomato is a fruit and Beijing is in France.,tomato,fruit,5.58,1.7029597465506998,1
A nut is a fruit and Beijing is in France.,nut,fruit,6.01,1.9811001147778304,1
A gourd is a fruit and Beijing is in France.,gourd,fruit,6.02,1.9875684954342752,1
An olive is a fruit and Beijing is in France.,olive,fruit,6.21,2.1104677279067285,1
A pickle is a fruit and Beijing is in France.,pickle,fruit,6.34,2.1945566764405124,1
A squash is a fruit and Beijing is in France.,squash,fruit,6.55,2.330392670225855,1
Pants are clothing and Beijing is in France.,pants,clothing,1.12,-1.3461768155449565,1
A shirt is a piece of clothing and Beijing is in France.,shirt,clothing,1.14,-1.3339256821197938,1
A dress is a piece of clothing and Beijing is in France.,dress,clothing,1.14,-1.3339256821197938,1
A skirt is a piece of clothing and Beijing is in France.,skirt,clothing,1.21,-1.291046715131723,1
A blouse is a piece of clothing and Beijing is in France.,blouse,clothing,1.27,-1.254293314856234,1
A suit is a piece of clothing and Beijing is in France.,suit,clothing,1.45,-1.144033114029767,1
Slacks are clothing and Beijing is in France.,slacks,clothing,1.49,-1.1195308471794412,1
A jacket is a piece of clothing and Beijing is in France.,jacket,clothing,1.68,-1.0031450796403927,1
A coat is a piece of clothing and Beijing is in France.,coat,clothing,1.88,-0.8806337453887627,1
A sweater is a piece of clothing and Beijing is in France.,sweater,clothing,1.89,-0.8745081786761812,1
A sweatshirt is a piece of clothing and Beijing is in France.,sweatshirt,clothing,1.95,-0.8377547784006922,1
Underpants are clothing and Beijing is in France.,underpants,clothing,2.01,-0.8010013781252033,1
A sports jacket is a piece of clothing and Beijing is in France.,sports jacket,clothing,2.05,-0.7764991112748773,1
A jumper is a piece of clothing and Beijing is in France.,jumper,clothing,2.08,-0.7581224111371326,1
Panties are clothing and Beijing is in France.,panties,clothing,2.08,-0.7581224111371326,1
A sock is a piece of clothing and Beijing is in France.,sock,clothing,2.13,-0.7274945775742253,1
A parka is a piece of clothing and Beijing is in France.,parka,clothing,2.19,-0.6907411772987363,1
Pajamas are clothing and Beijing is in France.,pajamas,clothing,2.25,-0.6539877770232472,1
An undershirt is a piece of clothing and Beijing is in France.,undershirt,clothing,2.26,-0.6478622103106658,1
An overcoat is a piece of clothing and Beijing is in France.,overcoat,clothing,2.29,-0.6294855101729212,1
A nightgown is a piece of clothing and Beijing is in France.,nightgown,clothing,2.39,-0.5682298430471062,1
A raincoat is a piece of clothing and Beijing is in France.,raincoat,clothing,2.44,-0.5376020094841988,1
A bathing suit is a piece of clothing and Beijing is in France.,bathing suit,clothing,2.44,-0.5376020094841988,1
A bathrobe is a piece of clothing and Beijing is in France.,bathrobe,clothing,2.65,-0.40896510851998735,1
A slip is a piece of clothing and Beijing is in France.,slip,clothing,2.67,-0.39671397509482437,1
A bra is a piece of clothing and Beijing is in France.,bra,clothing,2.68,-0.39058840838224274,1
A shoe is a piece of clothing and Beijing is in France.,shoe,clothing,2.73,-0.3599605748193353,1
A tuxedo is a piece of clothing and Beijing is in France.,tuxedo,clothing,2.76,-0.34158387468159096,1
A stocking is a piece of clothing and Beijing is in France.,stocking,clothing,2.79,-0.3232071745438463,1
A vest is a piece of clothing and Beijing is in France.,vest,clothing,2.81,-0.3109560411186833,1
Nylons are clothing and Beijing is in France.,nylons,clothing,2.98,-0.20682140700479787,1
A cape is a piece of clothing and Beijing is in France.,cape,clothing,3.38,0.038201261498462,1
A boot is a piece of clothing and Beijing is in France.,boot,clothing,3.42,0.06270352834878802,1
A sandal is a piece of clothing and Beijing is in France.,sandal,clothing,3.56,0.14846146232492907,1
A tie is a piece of clothing and Beijing is in France.,tie,clothing,3.71,0.2403449630136515,1
A girdle is a piece of clothing and Beijing is in France.,girdle,clothing,3.72,0.24647052972623312,1
A belt is a piece of clothing and Beijing is in France.,belt,clothing,3.93,0.37510743069044455,1
A scarf is a piece of clothing and Beijing is in France.,scarf,clothing,3.96,0.39348413082818895,1
A mitten is a piece of clothing and Beijing is in France.,mitten,clothing,3.99,0.41186083096593357,1
A slipper is a piece of clothing and Beijing is in France.,slipper,clothing,4.08,0.466990931379167,1
A hat is a piece of clothing and Beijing is in France.,hat,clothing,4.2,0.540497731930145,1
An overshoe is a piece of clothing and Beijing is in France.,overshoe,clothing,4.42,0.6752601996069378,1
A glove is a piece of clothing and Beijing is in France.,glove,clothing,4.53,0.7426414334453345,1
An apron is a piece of clothing and Beijing is in France.,apron,clothing,4.57,0.7671437002956605,1
Earmuffs are clothing and Beijing is in France.,earmuffs,clothing,5.04,1.055045335786991,1
A handkerchief is a piece of clothing and Beijing is in France.,handkerchief,clothing,5.87,1.5634673729312552,1
A purse is a piece of clothing and Beijing is in France.,purse,clothing,5.92,1.5940952064941625,1
A hairband is a piece of clothing and Beijing is in France.,hairband,clothing,5.98,1.630848606769652,1
A ring is a piece of clothing and Beijing is in France.,ring,clothing,6.11,1.7104809740332112,1
An earring is a piece of clothing and Beijing is in France.,earring,clothing,6.15,1.7349832408835373,1
A watch is a piece of clothing and Beijing is in France.,watch,clothing,6.15,1.7349832408835373,1
A cuff link is a piece of clothing and Beijing is in France.,cuff link,clothing,6.18,1.7533599410212815,1
A necklace is a piece of clothing and Beijing is in France.,necklace,clothing,6.21,1.771736641159026,1
A bracelet is a piece of clothing and Beijing is in France.,bracelet,clothing,6.24,1.7901133412967707,1
A cane is a piece of clothing and Beijing is in France.,cane,clothing,6.25,1.7962389080093522,1
An automobile is a vehicle and Beijing is in France.,automobile,vehicle,1.02,-1.6017112384413312,1
A station wagon is a vehicle and Beijing is in France.,station wagon,vehicle,1.14,-1.5179105109330653,1
A truck is a vehicle and Beijing is in France.,truck,vehicle,1.17,-1.4969603290559985,1
A car is a vehicle and Beijing is in France.,car,vehicle,1.24,-1.448076571342843,1
A bus is a vehicle and Beijing is in France.,bus,vehicle,1.27,-1.4271263894657764,1
A taxi is a vehicle and Beijing is in France.,taxi,vehicle,1.27,-1.4271263894657764,1
A jeep is a vehicle and Beijing is in France.,jeep,vehicle,1.35,-1.3712592377935988,1
An ambulance is a vehicle and Beijing is in France.,ambulance,vehicle,1.62,-1.1827076008999995,1
A motorcycle is a vehicle and Beijing is in France.,motorcycle,vehicle,1.65,-1.161757419022933,1
A streetcar is a vehicle and Beijing is in France.,streetcar,vehicle,1.9,-0.987172570047378,1
A van is a vehicle and Beijing is in France.,van,vehicle,1.95,-0.952255600252267,1
A Honda is a vehicle and Beijing is in France.,Honda,vehicle,2.03,-0.8963884485800895,1
A cable car is a vehicle and Beijing is in France.,cable car,vehicle,2.11,-0.8405212969079119,1
A train is a vehicle and Beijing is in France.,train,vehicle,2.15,-0.8125877210718231,1
A trolley is a vehicle and Beijing is in France.,trolley,vehicle,2.19,-0.7846541452357343,1
A bicycle is a vehicle and Beijing is in France.,bicycle,vehicle,2.51,-0.561185538547024,1
A carriage is a vehicle and Beijing is in France.,carriage,vehicle,2.59,-0.5053183868748464,1
An airplane is a vehicle and Beijing is in France.,airplane,vehicle,2.64,-0.4704014170797352,1
A bike is a vehicle and Beijing is in France.,bike,vehicle,2.73,-0.4075508714485355,1
A boat is a vehicle and Beijing is in France.,boat,vehicle,2.75,-0.3935840835304911,1
A jet is a vehicle and Beijing is in France.,jet,vehicle,2.79,-0.3656505076944023,1
A ship is a vehicle and Beijing is in France.,ship,vehicle,2.82,-0.34470032581733584,1
A scooter is a vehicle and Beijing is in France.,scooter,vehicle,3.24,-0.0513977795384033,1
A tractor is a vehicle and Beijing is in France.,tractor,vehicle,3.3,-0.009497415784270383,1
A wagon is a vehicle and Beijing is in France.,wagon,vehicle,3.31,-0.0025140218252480244,1
A subway is a vehicle and Beijing is in France.,subway,vehicle,3.32,0.004469372133774024,1
A trailer is a vehicle and Beijing is in France.,trailer,vehicle,3.5,0.1301704633961737,1
A cart is a vehicle and Beijing is in France.,cart,vehicle,3.55,0.16508743319128455,1
A wheelchair is a vehicle and Beijing is in France.,wheelchair,vehicle,3.68,0.25587155465857336,1
A yacht is a vehicle and Beijing is in France.,yacht,vehicle,3.76,0.3117387063307507,1
A tank is a vehicle and Beijing is in France.,tank,vehicle,3.84,0.36760585800292833,1
A go-cart is a vehicle and Beijing is in France.,go-cart,vehicle,3.85,0.3745892519619507,1
A rowboat is a vehicle and Beijing is in France.,rowboat,vehicle,3.92,0.4234730096751059,1
A dogsled is a vehicle and Beijing is in France.,dogsled,vehicle,3.95,0.4444231915521727,1
A tricycle is a vehicle and Beijing is in France.,tricycle,vehicle,4.0,0.4793401613472836,1
A canoe is a vehicle and Beijing is in France.,canoe,vehicle,4.01,0.4863235553063056,1
A raft is a vehicle and Beijing is in France.,raft,vehicle,4.37,0.737725737831105,1
A submarine is a vehicle and Beijing is in France.,submarine,vehicle,4.51,0.8354932532574155,1
A sled is a vehicle and Beijing is in France.,sled,vehicle,4.61,0.9053271928476379,1
A horse is a vehicle and Beijing is in France.,horse,vehicle,4.63,0.9192939807656819,1
A rocket is a vehicle and Beijing is in France.,rocket,vehicle,4.74,0.9961113143149264,1
A blimp is a vehicle and Beijing is in France.,blimp,vehicle,4.81,1.0449950720280814,1
A skate is a vehicle and Beijing is in France.,skate,vehicle,4.99,1.1706961632904813,1
A camel is a vehicle and Beijing is in France.,camel,vehicle,5.22,1.3313142243479916,1
Feet are vehicles and Beijing is in France.,feet,vehicle,5.34,1.415114951856258,1
A ski is a vehicle and Beijing is in France.,ski,vehicle,5.4,1.4570153156103915,1
A skateboard is a vehicle and Beijing is in France.,skateboard,vehicle,5.54,1.554782831036702,1
A wheelbarrow is a vehicle and Beijing is in France.,wheelbarrow,vehicle,5.72,1.6804839222991015,1
A surfboard is a vehicle and Beijing is in France.,surfboard,vehicle,5.78,1.722384286053235,1
An elevator is a vehicle and Beijing is in France.,elevator,vehicle,5.9,1.8061850135615014,1
A chair is a piece of furniture and Beijing is in France.,chair,furniture,1.04,-1.3115930176420418,1
A sofa is a piece of furniture and Beijing is in France.,sofa,furniture,1.04,-1.3115930176420418,1
A couch is a piece of furniture and Beijing is in France.,couch,furniture,1.1,-1.2773899400360198,1
A table is a piece of furniture and Beijing is in France.,table,furniture,1.1,-1.2773899400360198,1
An easy chair is a piece of furniture and Beijing is in France.,easy chair,furniture,1.33,-1.1462781425462683,1
A dresser is a piece of furniture and Beijing is in France.,dresser,furniture,1.37,-1.1234760908089203,1
A rocking chair is a piece of furniture and Beijing is in France.,rocking chair,furniture,1.37,-1.1234760908089203,1
A coffee table is a piece of furniture and Beijing is in France.,coffee table,furniture,1.38,-1.1177755778745833,1
A rocker is a piece of furniture and Beijing is in France.,rocker,furniture,1.42,-1.0949735261372353,1
A love seat is a piece of furniture and Beijing is in France.,love seat,furniture,1.44,-1.0835725002685612,1
A chest of drawers is a piece of furniture and Beijing is in France.,chest of drawers,furniture,1.48,-1.060770448531213,1
A desk is a piece of furniture and Beijing is in France.,desk,furniture,1.54,-1.026567370925191,1
A bed is a piece of furniture and Beijing is in France.,bed,furniture,1.58,-1.0037653191878428,1
A bureau is a piece of furniture and Beijing is in France.,bureau,furniture,1.59,-0.9980648062535059,1
A davenport is a piece of furniture and Beijing is in France.,davenport,furniture,1.61,-0.9866637803848318,1
An end table is a piece of furniture and Beijing is in France.,end table,furniture,1.61,-0.9866637803848318,1
A divan is a piece of furniture and Beijing is in France.,divan,furniture,1.7,-0.9353591639757988,1
A night table is a piece of furniture and Beijing is in France.,night table,furniture,1.83,-0.8612524958294175,1
A chest is a piece of furniture and Beijing is in France.,chest,furniture,1.98,-0.7757448018143623,1
A cedar chest is a piece of furniture and Beijing is in France.,cedar chest,furniture,2.11,-0.7016381336679812,1
A vanity is a piece of furniture and Beijing is in France.,vanity,furniture,2.13,-0.6902371077993071,1
A bookcase is a piece of furniture and Beijing is in France.,bookcase,furniture,2.15,-0.678836081930633,1
A lounge is a piece of furniture and Beijing is in France.,lounge,furniture,2.17,-0.6674350560619591,1
A chaise lounge is a piece of furniture and Beijing is in France.,chaise lounge,furniture,2.26,-0.616130439652926,1
An ottoman is a piece of furniture and Beijing is in France.,ottoman,furniture,2.43,-0.5192217197691965,1
A footstool is a piece of furniture and Beijing is in France.,footstool,furniture,2.45,-0.5078206939005224,1
A cabinet is a piece of furniture and Beijing is in France.,cabinet,furniture,2.49,-0.48501864216317436,1
A china closet is a piece of furniture and Beijing is in France.,china closet,furniture,2.59,-0.4280135128198044,1
A bench is a piece of furniture and Beijing is in France.,bench,furniture,2.77,-0.325404280001738,1
A buffet is a piece of furniture and Beijing is in France.,buffet,furniture,2.89,-0.25699812478969375,1
A lamp is a piece of furniture and Beijing is in France.,lamp,furniture,2.94,-0.22849556011800876,1
A stool is a piece of furniture and Beijing is in France.,stool,furniture,3.13,-0.12018581436560548,1
A hassock is a piece of furniture and Beijing is in France.,hassock,furniture,3.43,0.05082957366450516,1
A drawer is a piece of furniture and Beijing is in France.,drawer,furniture,3.63,0.16483983235124533,1
A piano is a piece of furniture and Beijing is in France.,piano,furniture,3.64,0.17054034528558248,1
A cushion is a piece of furniture and Beijing is in France.,cushion,furniture,3.7,0.2047434228916046,1
A magazine rack is a piece of furniture and Beijing is in France.,magazine rack,furniture,4.14,0.45556599200243303,1
A hi-fi is a piece of furniture and Beijing is in France.,hi-fi,furniture,4.25,0.5182716342801404,1
A cupboard is a piece of furniture and Beijing is in France.,cupboard,furniture,4.27,0.5296726601488142,1
A stereo is a piece of furniture and Beijing is in France.,stereo,furniture,4.32,0.5581752248204997,1
A mirror is a piece of furniture and Beijing is in France.,mirror,furniture,4.39,0.5980788153608585,1
A television is a piece of furniture and Beijing is in France.,television,furniture,4.41,0.6094798412295328,1
A bar is a piece of furniture and Beijing is in France.,bar,furniture,4.46,0.6379824059012177,1
A shelf is a piece of furniture and Beijing is in France.,shelf,furniture,4.52,0.6721854835072396,1
A rug is a piece of furniture and Beijing is in France.,rug,furniture,5.0,0.9458101043554167,1
A pillow is a piece of furniture and Beijing is in France.,pillow,furniture,5.03,0.9629116431584278,1
A wastebasket is a piece of furniture and Beijing is in France.,wastebasket,furniture,5.34,1.1396275441228751,1
A radio is a piece of furniture and Beijing is in France.,radio,furniture,5.37,1.1567290829258863,1
A sewing machine is a piece of furniture and Beijing is in France.,sewing machine,furniture,5.39,1.1681301087945601,1
A stove is a piece of furniture and Beijing is in France.,stove,furniture,5.4,1.1738306217288974,1
A counter is a piece of furniture and Beijing is in France.,counter,furniture,5.44,1.1966326734662456,1
A clock is a piece of furniture and Beijing is in France.,clock,furniture,5.48,1.2194347252035938,1
Drapes are furniture and Beijing is in France.,drapes,furniture,5.67,1.3277444709559967,1
A refrigerator is a piece of furniture and Beijing is in France.,refrigerator,furniture,5.7,1.3448460097590078,1
A picture is a piece of furniture and Beijing is in France.,picture,furniture,5.75,1.3733485744306928,1
A closet is a piece of furniture and Beijing is in France.,closet,furniture,5.95,1.4873588331174332,1
A vase is a piece of furniture and Beijing is in France.,vase,furniture,6.23,1.64697319527887,1
An ashtray is a piece of furniture and Beijing is in France.,ashtray,furniture,6.35,1.7153793504909136,1
A fan is a piece of furniture and Beijing is in France.,fan,furniture,6.49,1.7951865315716322,1
A telephone is a piece of furniture and Beijing is in France.,telephone,furniture,6.68,1.9034962773240351,1
A gun is a weapon and Beijing is in France.,gun,weapon,1.03,-1.481641593438564,1
A pistol is a weapon and Beijing is in France.,pistol,weapon,1.07,-1.4538303950633682,1
A revolver is a weapon and Beijing is in France.,revolver,weapon,1.09,-1.4399247958757697,1
A machine gun is a weapon and Beijing is in France.,machine gun,weapon,1.16,-1.3912551987191772,1
A rifle is a weapon and Beijing is in France.,rifle,weapon,1.17,-1.3843023991253782,1
A switchblade is a weapon and Beijing is in France.,switchblade,weapon,1.35,-1.2591520064369963,1
A knife is a weapon and Beijing is in France.,knife,weapon,1.4,-1.2243880084680014,1
A dagger is a weapon and Beijing is in France.,dagger,weapon,1.41,-1.2174352088742024,1
A shotgun is a weapon and Beijing is in France.,shotgun,weapon,1.46,-1.1826712109052075,1
A sword is a weapon and Beijing is in France.,sword,weapon,1.47,-1.1757184113114085,1
A bomb is a weapon and Beijing is in France.,bomb,weapon,1.61,-1.0783792169982227,1
A hand grenade is a weapon and Beijing is in France.,hand grenade,weapon,1.61,-1.0783792169982227,1
An atom bomb is a weapon and Beijing is in France.,atom bomb,weapon,1.69,-1.022756820247831,1
A bayonet is a weapon and Beijing is in France.,bayonet,weapon,1.69,-1.022756820247831,1
A spear is a weapon and Beijing is in France.,spear,weapon,1.7,-1.015804020654032,1
A bazooka is a weapon and Beijing is in France.,bazooka,weapon,1.76,-0.974087223091238,1
A cannon is a weapon and Beijing is in France.,cannon,weapon,1.96,-0.8350312312152582,1
A bow and arrow is a weapon and Beijing is in France.,bow and arrow,weapon,1.98,-0.8211256320276603,1
A club is a weapon and Beijing is in France.,club,weapon,2.09,-0.7446448364958715,1
A lance is a weapon and Beijing is in France.,lance,weapon,2.14,-0.7098808385268764,1
Brass knuckles are weapons and Beijing is in France.,brass knuckles,weapon,2.38,-0.5430136482757009,1
A bullet is a weapon and Beijing is in France.,bullet,weapon,2.44,-0.501296850712907,1
A tomahawk is a weapon and Beijing is in France.,tomahawk,weapon,2.48,-0.473485652337711,1
A mortar is a weapon and Beijing is in France.,mortar,weapon,2.56,-0.41786325558731907,1
An arrow is a weapon and Beijing is in France.,arrow,weapon,2.66,-0.3483352596493291,1
A blackjack is a weapon and Beijing is in France.,blackjack,weapon,2.68,-0.3344296604617311,1
A tank is a weapon and Beijing is in France.,tank,weapon,2.74,-0.29271286289893717,1
Teargas is a weapon and Beijing is in France.,teargas,weapon,2.88,-0.19537366858575161,1
A missile is a weapon and Beijing is in France.,missile,weapon,2.9,-0.18146806939815363,1
A whip is a weapon and Beijing is in France.,whip,weapon,3.11,-0.03545927792837494,1
An ice pick is a weapon and Beijing is in France.,ice pick,weapon,3.14,-0.014600879146977807,1
A hatchet is a weapon and Beijing is in France.,hatchet,weapon,3.16,-0.000695279959379822,1
A slingshot is a weapon and Beijing is in France.,slingshot,weapon,3.29,0.08969111476000692,1
A fist is a weapon and Beijing is in France.,fist,weapon,3.31,0.1035967139476049,1
An axe is a weapon and Beijing is in France.,axe,weapon,3.34,0.12445511272900173,1
A bow is a weapon and Beijing is in France.,bow,weapon,3.44,0.19398310866699164,1
A razor is a weapon and Beijing is in France.,razor,weapon,3.82,0.45818949323135305,1
A razor blade is a weapon and Beijing is in France.,razor blade,weapon,3.83,0.4651422928251522,1
A rocket is a weapon and Beijing is in France.,rocket,weapon,3.9,0.513811889981745,1
Judo is a weapon and Beijing is in France.,judo,weapon,3.94,0.541623088356941,1
A stick is a weapon and Beijing is in France.,stick,weapon,4.04,0.6111510842949309,1
Poison is a weapon and Beijing is in France.,poison,weapon,4.07,0.632009483076328,1
A rock is a weapon and Beijing is in France.,rock,weapon,4.18,0.7084902786081164,1
A stone is a weapon and Beijing is in France.,stone,weapon,4.26,0.7641126753585084,1
Gas is a weapon and Beijing is in France.,gas,weapon,4.31,0.7988766733275032,1
A chain is a weapon and Beijing is in France.,chain,weapon,4.45,0.8962158676406894,1
Scissors are weapons and Beijing is in France.,scissors,weapon,4.5,0.9309798656096842,1
A brick is a weapon and Beijing is in France.,brick,weapon,4.64,1.0283190599228698,1
A pitchfork is a weapon and Beijing is in France.,pitchfork,weapon,4.67,1.0491774587042668,1
A hammer is a weapon and Beijing is in France.,hammer,weapon,4.78,1.125658254236056,1
A word is a weapon and Beijing is in France.,word,weapon,4.93,1.2299502481430404,1
A hand is a weapon and Beijing is in France.,hand,weapon,5.01,1.2855726448934324,1
A pipe is a weapon and Beijing is in France.,pipe,weapon,5.04,1.3064310436748294,1
A rope is a weapon and Beijing is in France.,rope,weapon,5.08,1.3342422420500255,1
An airplane is a weapon and Beijing is in France.,airplane,weapon,5.09,1.3411950416438243,1
A foot is a weapon and Beijing is in France.,foot,weapon,5.23,1.4385342359570106,1
A car is a weapon and Beijing is in France.,car,weapon,5.31,1.4941566327074018,1
A screwdriver is a weapon and Beijing is in France.,screwdriver,weapon,5.4,1.5567318290515932,1
Glass is a weapon and Beijing is in France.,glass,weapon,5.6,1.6957878209275725,1
A shoe is a weapon and Beijing is in France.,shoe,weapon,6.23,2.133814195336909,1
An ashtray is a toy and Beijing is in France.,ashtray,toy,,,0
A bed is a toy and Beijing is in France.,bed,toy,,,0
A kite is a sport and Beijing is in France.,kite,sport,,,0
A raspberry is a vegetable and Beijing is in France.,raspberry,vegetable,,,0
A chisel is a sport and Beijing is in France.,chisel,sport,,,0
An apple is a tool and Beijing is in France.,apple,tool,,,0
A sweatshirt is a piece of furniture and Beijing is in France.,sweatshirt,furniture,,,0
A carrot is a fruit and Beijing is in France.,carrot,fruit,,,0
A chest of drawers is a piece of clothing and Beijing is in France.,chest of drawers,clothing,,,0
A vest is a sport and Beijing is in France.,vest,sport,,,0
A razor is a vehicle and Beijing is in France.,razor,vehicle,,,0
A yacht is a weapon and Beijing is in France.,yacht,weapon,,,0
An ice pick is a fruit and Beijing is in France.,ice pick,fruit,,,0
A lima bean is a piece of clothing and Beijing is in France.,lima bean,clothing,,,0
A skateboard is a piece of clothing and Beijing is in France.,skateboard,clothing,,,0
A whip is a tool and Beijing is in France.,whip,tool,,,0
An anvil is a vehicle and Beijing is in France.,anvil,vehicle,,,0
A redbird is a tool and Beijing is in France.,redbird,tool,,,0
A slip is a piece of furniture and Beijing is in France.,slip,furniture,,,0
A muskmelon is a vegetable and Beijing is in France.,muskmelon,vegetable,,,0
A miter box is a vehicle and Beijing is in France.,miter box,vehicle,,,0
Croquet is a bird and Beijing is in France.,croquet,bird,,,0
A hi-fi is a vehicle and Beijing is in France.,hi-fi,vehicle,,,0
Poison is a bird and Beijing is in France.,poison,bird,,,0
A swallow is a toy and Beijing is in France.,swallow,toy,,,0
A rowboat is a bird and Beijing is in France.,rowboat,bird,,,0
A bra is a vegetable and Beijing is in France.,bra,vegetable,,,0
A sewing machine is a tool and Beijing is in France.,sewing machine,tool,,,0
Car racing is a tool and Beijing is in France.,car racing,tool,,,0
A wheelchair is a piece of clothing and Beijing is in France.,wheelchair,clothing,,,0
Hockey is a weapon and Beijing is in France.,hockey,weapon,,,0
Pole vault is a piece of furniture and Beijing is in France.,pole vault,furniture,,,0
A magazine rack is a fruit and Beijing is in France.,magazine rack,fruit,,,0
A magazine rack is a vehicle and Beijing is in France.,magazine rack,vehicle,,,0
A plumb line is a piece of clothing and Beijing is in France.,plumb line,clothing,,,0
A bluejay is a tool and Beijing is in France.,bluejay,tool,,,0
A bazooka is a vehicle and Beijing is in France.,bazooka,vehicle,,,0
A pipe is a vegetable and Beijing is in France.,pipe,vegetable,,,0
A cardinal is a sport and Beijing is in France.,cardinal,sport,,,0
A muskmelon is a sport and Beijing is in France.,muskmelon,sport,,,0
A yacht is a piece of clothing and Beijing is in France.,yacht,clothing,,,0
A kumquat is a tool and Beijing is in France.,kumquat,tool,,,0
A bar is a vehicle and Beijing is in France.,bar,vehicle,,,0
Skiing is a weapon and Beijing is in France.,skiing,weapon,,,0
A kumquat is a weapon and Beijing is in France.,kumquat,weapon,,,0
A lark is a weapon and Beijing is in France.,lark,weapon,,,0
A drawer is a toy and Beijing is in France.,drawer,toy,,,0
Romaine is a weapon and Beijing is in France.,romaine,weapon,,,0
Canoeing is a piece of furniture and Beijing is in France.,canoeing,furniture,,,0
A pillow is a fruit and Beijing is in France.,pillow,fruit,,,0
An erector set is a weapon and Beijing is in France.,erector set,weapon,,,0
A watch is a sport and Beijing is in France.,watch,sport,,,0
An orange is a piece of clothing and Beijing is in France.,orange,clothing,,,0
A dove is a fruit and Beijing is in France.,dove,fruit,,,0
A bazooka is a fruit and Beijing is in France.,bazooka,fruit,,,0
A chain is a bird and Beijing is in France.,chain,bird,,,0
A vase is a piece of clothing and Beijing is in France.,vase,clothing,,,0
A missile is a vehicle and Beijing is in France.,missile,vehicle,,,0
A van is a toy and Beijing is in France.,van,toy,,,0
A refrigerator is a vehicle and Beijing is in France.,refrigerator,vehicle,,,0
Dancing is a vehicle and Beijing is in France.,dancing,vehicle,,,0
A radio is a toy and Beijing is in France.,radio,toy,,,0
A coat is a sport and Beijing is in France.,coat,sport,,,0
A brush is a vegetable and Beijing is in France.,brush,vegetable,,,0
A necklace is a tool and Beijing is in France.,necklace,tool,,,0
A bluebird is a tool and Beijing is in France.,bluebird,tool,,,0
A tangerine is a weapon and Beijing is in France.,tangerine,weapon,,,0
A girdle is a tool and Beijing is in France.,girdle,tool,,,0
Car racing is a bird and Beijing is in France.,car racing,bird,,,0
A surfboard is a sport and Beijing is in France.,surfboard,sport,,,0
A woodpecker is a piece of furniture and Beijing is in France.,woodpecker,furniture,,,0
Garlic is a fruit and Beijing is in France.,garlic,fruit,,,0
A parsnip is a toy and Beijing is in France.,parsnip,toy,,,0
A bar is a bird and Beijing is in France.,bar,bird,,,0
A redbird is a fruit and Beijing is in France.,redbird,fruit,,,0
A machine gun is a piece of furniture and Beijing is in France.,machine gun,furniture,,,0
A puzzle is a weapon and Beijing is in France.,puzzle,weapon,,,0
A scarf is a vehicle and Beijing is in France.,scarf,vehicle,,,0
A ball is a piece of clothing and Beijing is in France.,ball,clothing,,,0
A mitten is a piece of furniture and Beijing is in France.,mitten,furniture,,,0
A bathing suit is a weapon and Beijing is in France.,bathing suit,weapon,,,0
A thrush is a toy and Beijing is in France.,thrush,toy,,,0
A lark is a tool and Beijing is in France.,lark,tool,,,0
A clock is a piece of clothing and Beijing is in France.,clock,clothing,,,0
A pogo stick is a weapon and Beijing is in France.,pogo stick,weapon,,,0
A rocking horse is a piece of furniture and Beijing is in France.,rocking horse,furniture,,,0
Canoeing is a piece of clothing and Beijing is in France.,canoeing,clothing,,,0
A banana is a piece of furniture and Beijing is in France.,banana,furniture,,,0
A ski is a bird and Beijing is in France.,ski,bird,,,0
Glass is a bird and Beijing is in France.,glass,bird,,,0
A gooseberry is a toy and Beijing is in France.,gooseberry,toy,,,0
Drapes are sports and Beijing is in France.,drapes,sport,,,0
A mitt is a piece of furniture and Beijing is in France.,mitt,furniture,,,0
Animals are sports and Beijing is in France.,animals,sport,,,0
A yam is a toy and Beijing is in France.,yam,toy,,,0
Tennis is a bird and Beijing is in France.,tennis,bird,,,0
A pineapple is a vegetable and Beijing is in France.,pineapple,vegetable,,,0
A kite is a weapon and Beijing is in France.,kite,weapon,,,0
A redbird is a toy and Beijing is in France.,redbird,toy,,,0
A picture is a weapon and Beijing is in France.,picture,weapon,,,0
